series_id,year,value
PRS30006011,2022,20.5
PRS30006012,2022,17.1
PRS30006013,1998,705.9
PRS30006021,2010,17.7
PRS30006022,2010,12.4
PRS30006023,2014,503.22
PRS30006031,2022,20.6
PRS30006032,2021,17.0
PRS30006033,1998,702.67
PRS30006061,2022,34.5
PRS30006062,2021,29.8
PRS30006063,2025,665.85
PRS30006081,2021,24.5
PRS30006082,2021,24.5
PRS30006083,2022,131.29
PRS30006091,2002,43.4
PRS30006092,2002,44.3
PRS30006093,2013,514.16
PRS30006101,2020,33.1
PRS30006102,2020,35.7
PRS30006103,2025,671.32
PRS30006111,2020,33.8
PRS30006112,2008,42.0
PRS30006113,2025,675.94
PRS30006131,2021,18.6
PRS30006132,2021,18.6
PRS30006133,2022,132.84
PRS30006151,2020,26.2
PRS30006152,2020,30.5
PRS30006153,2020,529.23
PRS30006161,2010,50.5
PRS30006162,2002,48.0
PRS30006163,2014,515.92
PRS30006171,2015,11.1
PRS30006172,2015,11.1
PRS30006173,2001,123.11
PRS30006211,2010,35.0
PRS30006212,1997,38.5
PRS30006213,2007,523.83
PRS30006221,2021,13.1
PRS30006222,2021,13.1
PRS30006223,2022,129.51
PRS30006231,2021,18.7
PRS30006232,2021,18.7
PRS30006233,2022,128.01
PRS31006011,2022,20.2
PRS31006012,2022,20.0
PRS31006013,1998,707.85
PRS31006021,2010,19.4
PRS31006022,2010,14.3
PRS31006023,1997,503.92
PRS31006031,2022,23.9
PRS31006032,2011,21.9
PRS31006033,1998,705.69
PRS31006061,2000,34.1
PRS31006062,2017,30.1
PRS31006063,2025,665.48
PRS31006081,2021,17.3
PRS31006082,2021,17.3
PRS31006083,2022,123.75
PRS31006091,2010,42.8
PRS31006092,2002,49.7
PRS31006093,2014,507.25
PRS31006101,2000,34.6
PRS31006102,2020,39.8
PRS31006103,2025,674.53
PRS31006111,2009,37.5
PRS31006112,2008,57.7
PRS31006113,2025,687.06
PRS31006131,2021,12.9
PRS31006132,2021,12.9
PRS31006133,2022,126.72
PRS31006151,2020,26.7
PRS31006152,2020,34.9
PRS31006153,2020,528.86
PRS31006161,2010,64.0
PRS31006162,2002,54.6
PRS31006163,2014,510.86
PRS31006171,2009,8.9
PRS31006172,2009,8.9
PRS31006173,2001,112.14
PRS31006211,1997,47.6
PRS31006212,1997,55.1
PRS31006213,2007,523.36
PRS31006221,2022,9.2
PRS31006222,2022,9.2
PRS31006223,2022,124.68
PRS31006231,2022,13.5
PRS31006232,2022,13.5
PRS31006233,2022,121.76
PRS32006011,2022,21.1
PRS32006012,2021,14.0
PRS32006013,1995,726.14
PRS32006021,2010,14.5
PRS32006022,2010,9.2
PRS32006023,2012,503.28
PRS32006031,2021,18.3
PRS32006032,2021,17.8
PRS32006033,1995,710.85
PRS32006061,2022,40.4
PRS32006062,2021,30.9
PRS32006063,2025,666.57
PRS32006081,2021,26.8
PRS32006082,2021,26.8
PRS32006083,2022,135.62
PRS32006091,2002,35.0
PRS32006092,2004,31.5
PRS32006093,2014,513.8
PRS32006101,2020,33.7
PRS32006102,2003,34.6
PRS32006103,2025,666.0
PRS32006111,2022,40.5
PRS32006112,2022,38.4
PRS32006113,2025,668.23
PRS32006131,2021,21.3
PRS32006132,2021,21.3
PRS32006133,2022,136.37
PRS32006151,2020,26.8
PRS32006152,2020,26.1
PRS32006153,2020,531.36
PRS32006161,2002,36.0
PRS32006162,2002,31.6
PRS32006163,2013,516.75
PRS32006171,2015,15.5
PRS32006172,2015,15.5
PRS32006173,1998,137.19
PRS32006211,2021,23.1
PRS32006212,2021,20.8
PRS32006213,2007,517.02
PRS32006221,2021,17.3
PRS32006222,2021,17.3
PRS32006223,2022,134.13
PRS32006231,2021,22.6
PRS32006232,2021,22.6
PRS32006233,2022,133.39
PRS84006011,2022,22.7
PRS84006012,2021,25.6
PRS84006013,2025,537.75
PRS84006021,2010,6.0
PRS84006022,2010,7.0
PRS84006023,1997,518.5
PRS84006031,2021,27.3
PRS84006032,2021,27.7
PRS84006033,2025,526.12
PRS84006041,2021,39.0
PRS84006042,2021,35.1
PRS84006043,2025,622.06
PRS84006051,2021,66.7
PRS84006052,2021,71.4
PRS84006053,2025,791.89
PRS84006061,2021,54.1
PRS84006062,2021,53.7
PRS84006063,2025,765.57
PRS84006081,2021,84.4
PRS84006082,2021,96.6
PRS84006083,2025,825.79
PRS84006091,2020,25.9
PRS84006092,2009,30.6
PRS84006093,2025,591.17
PRS84006101,2020,40.1
PRS84006102,2020,47.4
PRS84006103,2025,727.56
PRS84006111,2022,26.4
PRS84006112,2012,24.0
PRS84006113,2025,615.34
PRS84006131,2022,58.1
PRS84006132,2021,57.1
PRS84006133,2025,663.66
PRS84006141,2022,40.3
PRS84006142,2022,36.6
PRS84006143,2025,636.46
PRS84006151,2020,33.1
PRS84006152,2020,41.8
PRS84006153,2025,551.81
PRS84006161,2010,21.9
PRS84006162,2020,25.9
PRS84006163,2025,578.39
PRS84006171,2020,11.6
PRS84006172,2020,17.6
PRS84006173,2001,559.66
PRS85006011,2022,23.1
PRS85006012,2021,26.5
PRS85006013,2025,539.12
PRS85006021,2010,6.0
PRS85006022,2010,7.1
PRS85006023,1997,519.08
PRS85006031,2021,28.0
PRS85006032,2021,29.0
PRS85006033,2025,528.02
PRS85006041,2021,38.9
PRS85006042,2021,35.2
PRS85006043,2025,622.64
PRS85006051,2021,65.0
PRS85006052,2021,70.2
PRS85006053,2025,791.85
PRS85006061,2021,54.2
PRS85006062,2021,53.8
PRS85006063,2025,765.8
PRS85006081,2021,80.4
PRS85006082,2021,93.9
PRS85006083,2025,825.7
PRS85006091,2020,26.4
PRS85006092,2009,30.1
PRS85006093,2025,589.59
PRS85006101,2020,40.7
PRS85006102,2020,48.2
PRS85006103,2025,725.15
PRS85006111,2022,26.0
PRS85006112,2012,22.7
PRS85006113,2025,614.95
PRS85006131,2022,56.0
PRS85006132,2021,54.5
PRS85006133,2025,662.96
PRS85006141,2022,39.1
PRS85006142,2022,35.3
PRS85006143,2025,635.83
PRS85006151,2020,33.6
PRS85006152,2020,42.5
PRS85006153,2025,549.99
PRS85006161,2010,22.4
PRS85006162,2020,26.2
PRS85006163,2025,577.46
PRS85006171,2020,11.4
PRS85006172,2020,17.7
PRS85006173,2001,558.58
PRS88003011,2022,25.2
PRS88003012,2021,26.0
PRS88003013,2025,539.89
PRS88003021,2010,6.4
PRS88003022,2010,7.7
PRS88003023,1997,517.82
PRS88003031,2021,26.1
PRS88003032,2021,27.2
PRS88003033,2025,528.84
PRS88003041,2021,49.4
PRS88003042,2021,39.0
PRS88003043,2025,626.18
PRS88003051,2021,76.1
PRS88003052,2021,73.4
PRS88003053,2025,798.91
PRS88003061,2021,51.5
PRS88003062,2021,53.5
PRS88003063,2025,772.47
PRS88003081,2021,114.7
PRS88003082,2021,104.0
PRS88003083,2025,836.34
PRS88003091,2021,22.3
PRS88003092,2002,24.6
PRS88003093,2025,592.03
PRS88003101,2020,39.5
PRS88003102,2020,46.2
PRS88003103,2025,730.35
PRS88003111,2022,23.2
PRS88003112,2020,21.0
PRS88003113,2025,616.82
PRS88003121,2022,76.1
PRS88003122,2022,60.1
PRS88003123,2025,578.66
PRS88003131,2021,58.7
PRS88003132,2021,60.1
PRS88003133,2025,667.71
PRS88003141,2022,37.1
PRS88003142,2021,32.0
PRS88003143,2025,637.88
PRS88003151,2020,32.5
PRS88003152,2020,40.9
PRS88003153,2025,553.93
PRS88003161,2010,27.3
PRS88003162,2020,26.2
PRS88003163,2025,579.92
PRS88003171,2020,15.3
PRS88003172,2020,14.0
PRS88003173,2001,558.62
PRS88003181,2021,217.2
PRS88003182,2020,320.5
PRS88003183,2025,1081.68
PRS88003191,2010,153.0
PRS88003192,2002,282.8
PRS88003193,2025,863.63
PRS88003201,2022,38.9
PRS88003202,2022,29.7
PRS88003203,2025,604.35
